count,software,version
5854,mastodon,4.0.2
1372,mastodon,3.5.3
678,wordpress,6.1.1
340,peertube,4.3.1
323,pleroma,2.4.4
281,mastodon,4.0.1
275,peertube,4.3.0
268,misskey,12.119.0
265,pixelfed,0.11.4
245,writefreely,0.13.2
194,mastodon,3.1.3
179,peertube,4.2.2
163,friendica,2022.10-1484
154,writefreely,0.13.1
151,mastodon,4.0.2+glitch
133,mastodon,3.5.5
114,pleroma,2.4.3
102,mastodon,3.5.1
95,owncast,0.0.12
92,mastodon,4.0.1+glitch
87,mastodon,4.0.0
85,mastodon,3.4.6
81,hometown,1.0.7+3.5.5
80,mastodon,4.0.0rc2
73,mastodon,3.3.0
63,wordpress,6.0.3
63,mastodon,3.4.1
61,peertube,4.1.1
61,mastodon,3.5.2
55,pleroma,2.4.2
53,birdsitelive,0.20.0
47,peertube,3.4.1
45,friendica,2022.06-1469
43,mastodon,3.4.4
43,akkoma,3.4.0
41,pixelfed,0.11.3
40,lemmy,0.16.7
40,funkwhale,1.2.8+git.fb10d1a3
36,mastodon,4.0.0rc3
36,akkoma,3.4.0-0-gf91b89673
34,microblogpub,2.0.0+dev
34,mastodon,4.0.0rc1
34,mastodon,3.5.3+glitch
31,Mobilizon,3.0.1
29,pleroma,2.4.1
29,peertube,4.0.0
29,mastodon,3.2.0
27,peertube,4.2.0
24,writefreely,
24,hubzilla,7.8.6
24,diaspora,0.7.18.1-p52f206fa
24,calckey,12.119.0-calc.17
23,peertube,3.0.1
23,friendica,2022.03-1452
22,writefreely,0.12.0
22,plume,0.7.2
22,pleroma,2.4.53-863-g9f708037
22,misskey,12.118.1
22,funkwhale,1.2.8
22,Mobilizon,2.1.0
21,pleroma,2.4.53-1957-g4f61f19f.develop+soapbox
21,pleroma,2.4.5-2-gd8e32646
21,pleroma,2.3.0-1-gb221d77a
21,peertube,3.1.0
21,peertube,2.4.0
21,Mobilizon,3.0.0
19,pleroma,2.4.53-1901-gaa926ce3.develop+soapbox
19,mastodon,3.1.4
19,Owncast,0.0.11
19,Mobilizon,2.0.2
18,mastodon,3.0.1
18,foundkey,13.0.0-preview2
18,diaspora,0.7.17.0-p02eba842
17,pixelfed,0.11.2
16,peertube,4.1.0
16,misskey,12.110.1
16,mastodon,3.4.3
15,hometown,1.0.6+3.5.2
14,wordpress,5.9.5
14,bookwyrm,0.5.2
13,misskey,12.117.1
13,mastodon,3.2.1
13,gancio,1.5.6
13,diaspora,0.7.18.0-p9485a026
13,diaspora,0.7.15.0-p1d098282
13,activityrelay,0.2.2
12,wordpress,6.1
12,peertube,3.2.1
12,owncast,0.0.13
12,mastodon,3.5.3~hello
12,mastodon,3.4.0
12,bookwyrm,0.5.1
11,plume,0.7.3-dev
11,pleroma,2.4.53-912-g7f0b3161-develop
11,peertube,3.3.0
11,mastodon,4.0.0rc2+glitch
11,friendica,2021.09-1434
11,birdsitelive,0.19.1+pasture
10,pleroma,2.3.0
10,peertube,3.4.0
10,mastodon,3.5.4
10,mastodon,3.5.0
10,hubzilla,7.6.1
10,funkwhale,1.1.4
10,friendica,2022.12-dev-1488
10,friendica,2021.01-1384
9,wordpress,5.8.6
9,pleroma,2.4.53-904-gbb63f72c-develop
9,peertube,3.0.0
9,mastodon,3.4.10
9,lemmy,0.16.4
9,lemmy,0.16.3
9,ecko,3.4.9001
9,activityrelay,0.2.2 729477820fec4ac29e232eabc1a8421e088b945c
8,wordpress,6.0.2
8,peertube,4.2.1
8,peertube,2.3.0
8,owncast,0.0.13-docker
8,mastodon,3.1.5
8,lemmy,0.16.6
8,gancio,1.6.0-rc2
8,funkwhale,1.2.5
8,friendica,2022.12-dev-1491
8,calckey,12.119.0-calc.17.9
8,bookwyrm,0.4.6
7,wordpress,6.0
7,plume,0.7.1
7,pleroma,2.4.53-906-gf40ccce7-develop
7,pleroma,2.4.53-1896-g332b96b0.develop+soapbox
7,pixelfed,0.11.0
7,misskey,12.108.1
7,mastodon,4.0.0rc1+glitch
7,mastodon,3.1.2
7,hubzilla,7.8.3
7,hometown,3.4.6+1.0.5
7,hometown,1.0.5+3.5.2
7,gotosocial,0.5.2 git-c31f219
7,gnusocial,2.0.1-beta0
7,funkwhale,1.2.7+git.ffe306ed
7,diaspora,0.7.14.0-p4ca68a71
7,bookwyrm,0.4.5
7,akkoma,3.4.0-117-gde1bbc02-develop
6,pleroma,2.4.53-899-g0e1356ef-develop
6,pleroma,2.4.53-867-g481f50bc-develop
6,pleroma,2.4.53-1991-g7a145177.develop+soapbox
6,pleroma,2.4.53-1986-g13c61e59.develop+soapbox
6,pleroma,2.4.5
6,pixelfed,0.11.1
6,pixelfed,0.10.10
6,mastodon,4.0.0rc4
6,mastodon,3.4.8
6,mastodon,3.4.7
6,funkwhale,1.2.9+git.817c8fbc
6,friendica,2022.12-dev-1490
6,friendica,2022.12-dev-1486
6,friendica,2022.02-1449
6,friendica,2021.07-1424
6,friendica,2020.03-1338
6,foundkey,13.0.0-preview.1
6,diaspora,0.7.12.0-p09a425cb
6,activity-relay,
6,Friendica,2019.12-1327
5,pleroma,2.4.53-1849-g67783345.develop+soapbox
5,pleroma,2.4.53-1829-g044719737.develop+soapbox
5,pleroma,2.1.2
5,peertube,2.2.0
5,peertube,2.1.1
5,microblogpub,2.0.0+578581b4
5,mastodon,4.0.2-donte
5,mastodon,3.5.1+glitch
5,mastodon,3.3.2
5,ktistec,2.0.0-3
5,funkwhale,1.0
5,friendica,2022.12-dev-1493
5,friendica,2021.04-1413
5,diaspora,0.7.15.0
5,akkoma,3.4.0-135-ga8f3cf65-develop
5,akkoma,3.3.1-45-g16a31872-develop
5,activityrelay,0.1 26a6d80227e3f339e7f286d67afe40537e88cfa5
4,writefreely,0.13.0
4,wordpress,5.7.8
4,plume,0.6.1-dev
4,plume,0.4.0
4,pleroma,2.4.53-865-g8d704d38-develop
4,pleroma,2.4.53-1989-gcce90832.develop+soapbox
4,pleroma,2.4.53-1961-geca1f581.develop+soapbox
4,pleroma,2.2.2
4,pleroma,2.2.1
4,owncast,dev
4,misskey,2021.12.2
4,misskey,12.120.0-alpha.7
4,misskey,12.110.0
4,misskey,10.102.602-m544
4,mastodon,4.0.2+glitch_1119_e0e7a09
4,mastodon,4.0.1+glitch+th
4,mastodon,3.4.6+glitch
4,mastodon,3.4.5
4,mastodon,3.4.3+glitch
4,mastodon,3.1.1
4,mastodon,3.0.2
4,ktistec,2.0.0-4
4,hubzilla,7.8.4
4,hubzilla,4.6
4,goblog,
4,gnusocial,2.0.0-dev
4,gitea,1.17.3
4,funkwhale,1.2.9
4,funkwhale,1.2.3+git.dc35000d
4,funkwhale,1.2.3
4,diaspora,0.7.17.0
4,akkoma,3.3.1
4,activityrelay,0.2.3
4,activityrelay,0.2.0 ???
4,activity-relay,v1.1.1
4,Mobilizon,3.0.0-dirty
4,Immers Space,3.6.0
3,writefreely,0.8.1
3,wordpress,6.0.1
3,wordpress,5.4.12
3,plume,0.6.0
3,pleroma,2.4.55-917-g36789986-develop
3,pleroma,2.4.52-1759-g512398a5.develop+soapbox
3,pleroma,2.4.52-1753-g64efa18c.develop+soapbox
3,pleroma,2.4.52-1748-g98ccf6cb.develop+soapbox
3,pleroma,2.4.2-8-gb34f0a6e-release-2-4-2
3,pleroma,2.4.0-516-gdc63aaf8
3,pleroma,2.4.0
3,pleroma,2.0.7-stable
3,pleroma,1.0.6
3,mitra,1.6.0
3,misskey,12.97.1
3,misskey,12.107.0
3,misskey,12.101.1
3,misskey,11.37.1-20221123062651
3,mastodon,4.0.2~moew
3,mastodon,4.0.2-asonix-changes
3,mastodon,4.0.2+simpreative.221122.c
3,mastodon,3.5.5+glitch
3,mastodon,3.5.0+glitch
3,mastodon,3.2.2
3,mastodon,3.0.0
3,lotide,0.13.0-dev
3,hubzilla,7.8
3,hubzilla,7.2.2
3,hubzilla,6.0.1
3,honk,develop
3,groundpolis,2022.07.03
3,gancio,1.4.4
3,funkwhale,1.2.0
3,fedibird,0.1
3,epicyon,0.0.0
3,drupal,1.0.0-alpha3
3,diaspora,0.7.16.0-p82291ed7
3,diaspora,0.7.13.0-pc2a991fe
3,cherrypick,12.119.0-cp-3.0.0
3,calckey,12.119.0-calc.15.5
3,calckey,12.119.0-calc.15
3,brighteon,3.4.6
3,aoderelay,v0.3.66-HEAD-89a9e20d4ad3474eacf1b66f2a5799f7c90876de
3,akkoma,3.4.0-95-g19272be0-develop
3,akkoma,3.4.0-104-g9deae8c5-develop
3,akkoma,3.3.1-0-gaf90a4e51
3,activityrelay,0.2.3 6e494ee67117bcb0abf964ecb824ae6602722cc6
3,activity-relay,v1.1.0
3,activity-relay,v1.0.0
3,Mobilizon,2.1.0-dirty
3,Immers Space,4.0.1
2,zap,22.09.25
2,wxwClub,0.0.5
2,wordpress,6.2-alpha-54888
2,wordpress,5.9.3
2,wordpress,4.9.20
2,takahe,0.4.0
2,plume,0.3.0
2,pleroma,2.4.55-921-g20790c1d-develop
2,pleroma,2.4.53-888-g3d1828f4-develop
2,pleroma,2.4.53-885-gca420719-wgdevelop
2,pleroma,2.4.53-863-g9f708037-develop
2,pleroma,2.4.53-855-gda0ef154-develop
2,pleroma,2.4.53-855-gda0ef154
2,pleroma,2.4.53-851-g7a519b6a-develop
2,pleroma,2.4.52-836-g3f1c31b7-develop
2,pleroma,2.4.52-1755-g54daefae.develop+soapbox
2,pleroma,2.4.51-472-g8517bc18
2,pleroma,2.4.3+dev
2,pleroma,2.4.1-0-gd0ca9bcaa-hostdon-latest
2,pleroma,2.3.50-197-g115673bc-develop
2,pleroma,2.0.3-stable
2,pixelfed,0.10.9
2,peertube,5.0.0-rc.1
2,peertube,4.3.1-nightly-2022-11-29
2,peertube,4.3.0-rc.1
2,peertube,3.2.0
2,peertube,1.3.0
2,misskey,12.91.0
2,misskey,12.120.0-simkey-alpha.6-b1
2,misskey,12.119.0-posky-12.11.2
2,misskey,12.119.0-22.09.2
2,misskey,12.119.0+klapy
2,misskey,12.117.0
2,misskey,12.111.1
2,misskey,10.102.603-m544
2,microblogpub,Microblog.pub 669fec0
2,microblogpub,2.0.0+ynh1
2,microblogpub,2.0.0+afd253a1
2,microblogpub,2.0.0+a435cd33
2,mastodon,4.0.2notalive
2,mastodon,4.0.2-plusminus.15
2,mastodon,4.0.2+glitch_1126_6517b7b
2,mastodon,4.0.2+glitch_1117_8c56441
2,mastodon,4.0.2+glitch+freaku
2,mastodon,4.0.2+aethy
2,mastodon,4.0.0rc4+glitch
2,mastodon,3.5.3~island
2,mastodon,3.5.2+glitch
2,mastodon,3.5.0rc1+glitch
2,mastodon,3.4.6+cs
2,mastodon,3.4.10+glitch+atsu1125
2,mastodon,3.4.1+glitch
2,mastodon,3.3.3
2,mastodon,3.2.0+glitch
2,mastodon,3.1.0rc2
2,lemmy,0.16.1
2,ktistec,1.0.0
2,kbin,0.10.1
2,hubzilla,7.9.9
2,hubzilla,7.0.3
2,hubzilla,6.4.2
2,hubzilla,5.2.2
2,hubzilla,4.4.1
2,gnusocial,2.0.0-beta0
2,gitea,1.16.8
2,funkwhale,1.2.8+git.e3c81ca3
2,funkwhale,1.2.8+git.d24f6fbc
2,funkwhale,1.2.7
2,funkwhale,1.2.2+git.ddb7023f
2,funkwhale,1.1.2+git.ea4be336
2,funkwhale,1.1.2
2,funkwhale,1.0.1+git.68bc76bc
2,friendica,3.5.2-1227
2,friendica,2022.09-dev-1481
2,friendica,2021.12-rc-1448
2,friendica,2021.12-rc-1445
2,friendica,2020.09-1-1369
2,friendica,2020.07-1355
2,dolphin,1.4.0-20220709205730
2,diaspora,0.7.18.0-p7f1c57ff
2,diaspora,0.7.18.0
2,diaspora,0.7.14.0
2,diaspora,0.7.10.0-p663da1ef
2,bookwyrm,0.2.0
2,bonfire,0.3.6--beta.7
2,birdsitelive,0.18.0
2,aoderelay,v0.3.66
2,aoderelay,v0.3.61-HEAD-c3b50bc94ee47e4e5bfb24df48b3da6cf3ed9219
2,aoderelay,v0.3.50-main-10777c32abd34520cc11d024bea8f9f8f94b6fde
2,aoderelay,v0.3.34-HEAD-e37314355e321d9db95d15b455e4a46343d4bd3e
2,akkoma,3.4.0-121-g2fe1484e-develop
2,akkoma,3.4.0-109-gfb5f846e-develop
2,akkoma,3.4.0-100-g2a1f17e3-develop
2,activityrelay,0.2.0 454f46f04b4caba93b097aebd3c67d7724782d13
2,activityrelay,0.1 970102809dd7c65518c3174140dc6e28604fe5f7
2,activityrelay,0.1 1e8acd3c0b474725df1c19f67eeddfed34cd079d
2,activity-relay,v1.2.0
2,activity-relay,v1.1.2rc1
2,activity-relay,v1.1.2
2,Coma,v0.0.1
1,writefreely,0.8.1-18-g372b4e5
1,writefreely,0.2.1-1403-ge1df1fe
1,writefreely,0.13.1-6-g8d0e49d
1,writefreely,0.13.1-5-g97a5121
1,writefreely,0.13.1-5-g46bb8e6
1,writefreely,0.13.0rc1
1,writefreely,0.12.0-277-g967ee96
1,writefreely,0.12.0-173-g53ea85d
1,writefreely,0.11.2
1,writefreely,0.10.0
1,wordpress,5.9
1,wordpress,5.8.4
1,wordpress,5.5.9
1,wordpress,5.3.14
1,woox,1.0
1,video4b_prtb,4.3.0
1,unciarelay,0.1.1
1,tksm,1.0.0
1,takesama,1.1.0
1,socialhome,0.16.0-dev
1,smithereen,0.4.4-dev.11+b773930d
1,smithereen,0.4.4
1,sequel,0.13.0
1,selective-relay,0.2.0
1,revolver,0.0.0.0.0.0.0.0.0.0.1
1,reel2bits,0.0.1
1,pub-relay,0.2.0-m1
1,pub-relay,0.2.0
1,psh,2.0.0
1,plume,0.7.1-dev
1,plume,0.7.0
1,pleroma,Pleroma 0.9.0 d93789dfde3c44c76a56732088a897ddddfe9716
1,pleroma,Pleroma 0.9.0 6b6a63e78a4be703b36281f052f15e34bdfbd99f
1,pleroma,2.4.55-0-g20790c1-develop
1,pleroma,2.4.53-924-g68f34b2f-develop
1,pleroma,2.4.53-920-g8c377339-refusaldevelop
1,pleroma,2.4.53-918-g79158728-securomoe-http-signature-statistics
1,pleroma,2.4.53-917-g410209e6-develop
1,pleroma,2.4.53-915-g9e57735f-develop
1,pleroma,2.4.53-914-g3b289a16-develop
1,pleroma,2.4.53-912-g7f0b3161
1,pleroma,2.4.53-9048-g0f77643d-shitposterclub
1,pleroma,2.4.53-901-g5a398663-meilisearch
1,pleroma,2.4.53-899-g0e1356ef
1,pleroma,2.4.53-894-ga2db64b1-develop
1,pleroma,2.4.53-893-gf5f7184b-develop
1,pleroma,2.4.53-883-g1b0e47b7-develop
1,pleroma,2.4.53-880-gf0644cbb-finch-everywhere-promex-unboundedfix
1,pleroma,2.4.53-877-g7c8618dc-develop
1,pleroma,2.4.53-875-gf2d34529
1,pleroma,2.4.53-858-g3a1b3825-yukiho
1,pleroma,2.4.53-853-g9fbf01f7-develop
1,pleroma,2.4.53-851-g7a519b6a
1,pleroma,2.4.53-845-g8042e0eb-develop
1,pleroma,2.4.53-845-g8042e0eb
1,pleroma,2.4.53-8223-ga7f0d18a-neckbeard
1,pleroma,2.4.53-5925-g447bfcdb-shigusegubu
1,pleroma,2.4.53-2053-gac602c6f.gleasonator+soapbox
1,pleroma,2.4.53-1855-g9c48cbbc.develop+soapbox
1,pleroma,2.4.53-1835-gad014adc.develop+soapbox
1,pleroma,2.4.53-1622-gec4b8ab4+soapbox
1,pleroma,2.4.53-1577-gcce90832.develop+soapbox
1,pleroma,2.4.53-1560-g13c61e59.develop+soapbox
1,pleroma,2.4.53-1535-geca1f581.develop+soapbox
1,pleroma,2.4.53-1520-g064be8fe-froth
1,pleroma,2.4.53-0-g95f4049c6-ryona-dev
1,pleroma,2.4.53-0-g4f3a767d1.develop+soapbox
1,pleroma,2.4.53-0-g088916ef7
1,pleroma,2.4.53
1,pleroma,2.4.52-836-g3f1c31b7
1,pleroma,2.4.52-829-g50defbeb-bbs-kawa-kun-com
1,pleroma,2.4.52-823-g0b9f01c9-develop
1,pleroma,2.4.52-686-g497cd5d5-develop
1,pleroma,2.4.52-665-ga022b9d7-develop
1,pleroma,2.4.52-646-gb2ba307f-develop
1,pleroma,2.4.52-614-g0814d0e0-develop
1,pleroma,2.4.52-537-g3fb91716-develop
1,pleroma,2.4.52-486-g75f912c6-develop
1,pleroma,2.4.52-479-g4605efe2-develop
1,pleroma,2.4.52-477-g214ef7ff-develop
1,pleroma,2.4.52-477-g214ef7ff
1,pleroma,2.4.52-1751-gc6e4a123.develop+soapbox
1,pleroma,2.4.52-1735-g31d5a606.develop+soapbox
1,pleroma,2.4.52-1589-ge94b7305.develop+soapbox
1,pleroma,2.4.52-1478-g3b964ee5.develop+soapbox
1,pleroma,2.4.52-1441-g5a3949ed.develop+soapbox
1,pleroma,2.4.52-1299-g78dd3bdb.develop+soapbox
1,pleroma,2.4.52-1204-ga4877572.edits+soapbox
1,pleroma,2.4.52-0-g55e37ba80
1,pleroma,2.4.51-495-gc757c1ea-develop
1,pleroma,2.4.51-468-gd7c53da7-develop
1,pleroma,2.4.51-468-gd7c53da7
1,pleroma,2.4.51-422-gfa8e2ffa-develop
1,pleroma,2.4.51-345-g79f400a5-lgbtfreezone
1,pleroma,2.4.51-339-g753a9b3f
1,pleroma,2.4.51-2772-gb1594502-underscore-world
1,pleroma,2.4.51-1245-g5ae5072c.develop+soapbox
1,pleroma,2.4.51-1243-g225973e7.develop+soapbox
1,pleroma,2.4.51-1237-g9e66daf6-develop
1,pleroma,2.4.51-1235-g23aebb85
1,pleroma,2.4.51-120-g92a8ff59
1,pleroma,2.4.51-1182-g4bdd365b-develop
1,pleroma,2.4.51-1105-g65e8d421-develop
1,pleroma,2.4.5-1646-gd8e32646
1,pleroma,2.4.5-15-gcb33f3a4-release-2-4-5
1,pleroma,2.4.4-9-g39d01662-master-pooza
1,pleroma,2.4.4-46-g2ad64995-pleroma-ryusei-dev-v2
1,pleroma,2.4.4-1-ga869ebe2
1,pleroma,2.4.4-0-g5e147c2e6
1,pleroma,2.4.4-0-g59335bb5d-develop
1,pleroma,2.4.3-480-g06a13ed1-eientei
1,pleroma,2.4.3-0-g3fdc3f912-released
1,pleroma,2.4.3-0-g3cf514643-released
1,pleroma,2.4.1-chillout-chat-main
1,pleroma,2.4.1-1-ge3327e9c
1,pleroma,2.4.1-0-gbedcbba85-hostdon-devel
1,pleroma,2.4.1-0-g8577b583a-hostdon-latest
1,pleroma,2.4.0-521-g1a09e749
1,pleroma,2.3.50-502-g3f582136-develop
1,pleroma,2.3.50-111-gcaadde3b-develop
1,pleroma,2.3.0-0-gd62ed4201
1,pleroma,2.2.50-745-g0ad6ea20-develop
1,pleroma,2.2.50-643-g86403d32-v-develop
1,pleroma,2.2.50-622-ge4f1d8f4-develop
1,pleroma,2.2.50-565-g6bb4f4e1-develop
1,pleroma,2.2.50-438-g5a5ff508-develop
1,pleroma,2.2.50-26-g607cac19-develop
1,pleroma,2.2.2-9-g3e8b851a
1,pleroma,2.2.2-60-g3e8b851a
1,pleroma,2.2.2-5-g9b68248f-release-2-2-2
1,pleroma,2.2.0-8-g15550f7c
1,pleroma,2.1.50-854-g294628d9-develop
1,pleroma,2.1.1
1,pleroma,2.1.0
1,pleroma,2.0.6-stable
1,pleroma,2.0.50-2551-ge1c8c599-develop
1,pleroma,2.0.50-2161-g057936bf-develop
1,pleroma,2.0.5-stable
1,pleroma,2.0.1-develop
1,pleroma,2.0.0
1,pleroma,1.1.9
1,pleroma,1.1.8-5-ge372917f-release-1-1-8
1,pleroma,1.1.7-release-1-1-8
1,pleroma,1.1.50-2026-g0d24ab04-develop
1,pleroma,1.1.50
1,pleroma,1.0.4
1,pleroma,1.0.3-HEAD
1,pleroma,0.9.0
1,pixelfed,0.7.10
1,pixelfed,0.10.0
1,pelican-activitypub,0.1
1,peertube,4.3.0-nightly-2022-11-03
1,peertube,4.3.0+vtopia1
1,peertube,3.1.0-rc.1
1,peertube,2.1.0
1,peertube,2.0.0
1,peertube,1.3.1
1,peertube,1.2.1
1,peertube,1.1.0
1,p3k,0.9.0
1,owncast,20221128-webv2
1,owncast,20221001-nightly
1,owncast,20220622-nightly
1,owncast,20220607-nightly
1,notestock,1.0
1,nginx,1.20.2
1,nginx,0
1,n/a,2019.09-1323
1,moodlenet,0.9.6-dev
1,mitra,1.5.0
1,mitra,1.4.0
1,misskey,paring.4d0aaed
1,misskey,2021.12.2-nkhm
1,misskey,12.98.0
1,misskey,12.91.0+egirls.4
1,misskey,12.90.1-rei0784-509bddecc
1,misskey,12.89.2
1,misskey,12.75.0
1,misskey,12.74.1
1,misskey,12.70.0
1,misskey,12.68.0
1,misskey,12.66.0
1,misskey,12.64.2-1.2
1,misskey,12.120.0-alpha.8-p1.19
1,misskey,12.120.0-alpha.8-develop.93+gbe313b8d7
1,misskey,12.120.0-alpha.8+cs
1,misskey,12.120.0-alpha.8
1,misskey,12.120.0-alpha.7-group-add
1,misskey,12.120.0-38
1,misskey,12.119.0-xs
1,misskey,12.119.0-usuyukey-1.0.0
1,misskey,12.119.0-simkey-v11
1,misskey,12.119.0-sh.3
1,misskey,12.119.0-peach01mm
1,misskey,12.119.0-na2na-v8
1,misskey,12.119.0-na2na-v5
1,misskey,12.119.0-mewl+0
1,misskey,12.119.0-kakurega.1.1.1
1,misskey,12.119.0-hina2
1,misskey,12.119.0-frsky
1,misskey,12.119.0-CBR-2211.1
1,misskey,12.119.0-732771e
1,misskey,12.119.0+birb4
1,misskey,12.118.0-beta.4
1,misskey,12.118.0-beta.3
1,misskey,12.116.1
1,misskey,12.113.0
1,misskey,12.112.2
1,misskey,12.112.0-beta.5
1,misskey,12.111.0
1,misskey,12.110.1-maikaze-0.1.1
1,misskey,12.109.2
1,misskey,12.108.1-cafe-v1
1,misskey,12.103.1-metaskey-5.1
1,misskey,12.103.1
1,misskey,11.37.1-rei0784-6.0.0
1,misskey,11.37.1-20220930020350
1,misskey,11.37.1
1,misskey,10.103.0.3-ypf
1,misskey,10.102.595-m544-reco-ef959eef
1,misskey,10.102.595-m544-reco
1,misskey,10.102.579-m544-t-asa1
1,misskey,10.102.540-m544
1,microblogpub,Microblog.pub de607e9e3946+
1,microblogpub,2.0.0+e30e0de1
1,microblogpub,2.0.0+d96ec913
1,microblogpub,2.0.0+a4cfd650
1,microblogpub,2.0.0+a2254f26
1,microblogpub,2.0.0+90eb8674
1,microblogpub,2.0.0+5f0b8f5d
1,microblogpub,2.0.0+59dfc3d1
1,microblogpub,2.0.0+441e3d90
1,microblogpub,2.0.0+164cd9bd
1,microblogpub,2.0.0+0c1132c3
1,mastodon,4.0.2~molten
1,mastodon,4.0.2~alphatown
1,mastodon,4.0.2~B612~Kira!
1,mastodon,4.0.2slis
1,mastodon,4.0.2_ef67daisuki_club
1,mastodon,4.0.2-ht
1,mastodon,4.0.2-gh1.3
1,mastodon,4.0.2+uwu
1,mastodon,4.0.2+uri1.17
1,mastodon,4.0.2+twvariant
1,mastodon,4.0.2+trans_rights-f02cb1c-22326163749
1,mastodon,4.0.2+occm
1,mastodon,4.0.2+nzws
1,mastodon,4.0.2+magincia
1,mastodon,4.0.2+luna
1,mastodon,4.0.2+glitchfox-prod2022112701
1,mastodon,4.0.2+glitchcity
1,mastodon,4.0.2+glitch_1129_1a7aa37
1,mastodon,4.0.2+glitch_1127_6517b7b
1,mastodon,4.0.2+glitch_1125_43dbc62
1,mastodon,4.0.2+glitch_1123_43dbc62
1,mastodon,4.0.2+glitch-snoot
1,mastodon,4.0.2+glitch+rrerrNet
1,mastodon,4.0.2+glitch+rawr
1,mastodon,4.0.2+glitch+polyam
1,mastodon,4.0.2+glitch+cathode
1,mastodon,4.0.2+glitch+CiT
1,mastodon,4.0.2+foxsay
1,mastodon,4.0.2+dodam2
1,mastodon,4.0.2+cat+1.0.6
1,mastodon,4.0.2+cat+1.0.5+nya-1.1.3
1,mastodon,4.0.2+bottle
1,mastodon,4.0.2 at 08a7d97b on ruby-3.1.3
1,mastodon,4.0.2 (with modifications)
1,mastodon,4.0.1+cat+1.0.3
1,mastodon,4.0.0rc4+occmglitch
1,mastodon,4.0.0rc3+glitch_1113_81b1d32
1,mastodon,4.0.0rc3+glitch
1,mastodon,4.0.0rc2+glitch_1111_6df9d38
1,mastodon,4.0.0rc2+glitch_1108_c493c96
1,mastodon,4.0.0rc1+glitch_1103_f359b15
1,mastodon,3.5.6
1,mastodon,3.5.5-cw1
1,mastodon,3.5.5-casino
1,mastodon,3.5.5+types
1,mastodon,3.5.3~wxw
1,mastodon,3.5.3~angry
1,mastodon,3.5.3~ Female Friendly Instance
1,mastodon,3.5.3verum
1,mastodon,3.5.3-beer-1
1,mastodon,3.5.3+glitch-patched
1,mastodon,3.5.3+glitch+puwa
1,mastodon,3.5.3+cafe.a137fec
1,mastodon,3.5.2+glitch_0509_e8b8ac8
1,mastodon,3.5.1+chitter
1,mastodon,3.5.0~hello
1,mastodon,3.5.0rc3
1,mastodon,3.5.0-edef68bf9
1,mastodon,3.4.6ht
1,mastodon,3.4.6-99c7961fd
1,mastodon,3.4.6+mootech4
1,mastodon,3.4.6+ Astarte on Glitch
1,mastodon,3.4.6 06f906acac
1,mastodon,3.4.5+glitch
1,mastodon,3.4.5+cs
1,mastodon,3.4.1+glitch_1029_e0f3962
1,mastodon,3.4.0+glitch
1,mastodon,3.3.2-cybre
1,mastodon,3.3.0rc1
1,mastodon,3.3.0+glitchfox-
1,mastodon,3.3.0+glitch
1,mastodon,3.2.1-qoto
1,mastodon,3.2.0rc1
1,mastodon,3.2.0+beachcity1.20.0
1,mastodon,3.1.4+glitch
1,mastodon,3.1.0
1,lubargw2,0.0.1
1,lotide,0.8.0-pre
1,lotide,0.12.0-rc.1
1,lotide,0.12.0-pre
1,lotide,0.12.0
1,lemmy,0.16.7-rc.3
1,lemmy,0.16.7-rc.1
1,lemmy,0.16.5-136-g41d4852ef
1,lemmy,0.16.5-135-g96a2bec6
1,lemmy,0.16.5-128-gbc19d94e
1,lemmy,0.15.1
1,ktistec,0.1.0
1,kotori,0.0.2
1,hubzilla,7.9.6
1,hubzilla,7.6
1,hubzilla,7.4
1,hubzilla,7.2
1,hubzilla,4.0.3
1,hubzilla,3.8.8
1,hubzilla,3.6.1
1,hubzilla,3.2.1
1,honk,0.9.8-powered by idols
1,hometown,1.0.7+3.5.4
1,hometown,1.0.7+3.5.3
1,guac.live,1.9.4
1,groundpolis-milkey,2022.07.03-milkey-2
1,gotosocial,v0.5.2
1,gotosocial,git-5c8e55c
1,gotosocial,0.5.1-SNAPSHOT git-ee6a0a1
1,gotosocial,0.5.1-SNAPSHOT git-c534230
1,gotosocial,0.5.1-SNAPSHOT git-be011b1
1,gotosocial,0.5.1-SNAPSHOT git-81c1fe0
1,glitchcafe,4.0.2+cafe.7972854
1,gitea,1.19.0+dev-93-g33922932e
1,gitea,1.19.0+dev-140-g439f6754a
1,gitea,1.18.0+rc1
1,gitea,1.18.0+dev-518-gcbc2a970b
1,gancio,1.6.0-rc1
1,funkwhale,1.2.9+git.ed72bfc8
1,funkwhale,1.2.9+git.abe67de1
1,funkwhale,1.2.9+git.9ac56855
1,funkwhale,1.2.9+git.54b3817f
1,funkwhale,1.2.8+git.bbb0e671
1,funkwhale,1.2.7+git.6328d000
1,funkwhale,1.2.6
1,funkwhale,1.2.5+git.a0479e50
1,funkwhale,1.2.2
1,funkwhale,1.2.1
1,funkwhale,1.1.4+git.3c8c1524
1,funkwhale,1.1.1
1,funkwhale,1.1
1,funkwhale,1.0.1
1,funkwhale,0.21.1+git.f14858c2
1,funkwhale,0.21
1,friendica,3.6-1256
1,friendica,2022.12-dev-1487
1,friendica,2022.09-rc-1482
1,friendica,2022.05-dev-1452
1,friendica,2021.12-rc-1449
1,friendica,2021.12-dev-1445
1,friendica,2021.12-dev-1443
1,friendica,2021.12-dev-1437
1,friendica,2021.06-dev-1414
1,friendica,2020.09-dev-1364
1,friendica,2020.07-1-1355
1,foundkey,13.0.0-preview2-nullobsi
1,feditools-relay,v0.8.2-f3d26c1
1,federated,0.0.1
1,drupal,1.0.0-alpha2
1,diaspora,1.0.0-dev-pd60202dd
1,diaspora,1.0.0-dev-pb994fee6
1,diaspora,1.0.0-dev-pa0ba4565
1,diaspora,1.0.0-dev-p9aa94cb5
1,diaspora,1.0.0-dev-p86674b41
1,diaspora,1.0.0-dev-p5f6b01e0
1,diaspora,0.7.99.0-p865c36bc
1,diaspora,0.7.99.0-p58483bdd
1,diaspora,0.7.99.0-p37a7c0b3
1,diaspora,0.7.99.0-p32b676ee
1,diaspora,0.7.99.0-p2fe50064
1,diaspora,0.7.99.0-p1b227057
1,diaspora,0.7.99.0
1,diaspora,0.7.7.0-pd8c1b4f4
1,diaspora,0.7.5.0-p42ceb8b3
1,diaspora,0.7.4.0-pd0313756
1,diaspora,0.7.18.1-pf73eb1ba
1,diaspora,0.7.18.1-p9d089b4d
1,diaspora,0.7.18.1-p30acbf03
1,diaspora,0.7.18.1
1,diaspora,0.7.18.0-p31beb6a8
1,diaspora,0.7.17.0-pba142fd5
1,diaspora,0.7.17.0-p656302e9
1,diaspora,0.7.16.0
1,diaspora,0.7.10.0
1,diaspora,0.6.99.0
1,diaspora,0.5.3.1
1,circle,0.1.0
1,castling.club,n/a
1,calckey,12.119.3-Bark
1,calckey,12.119.0-calc.9.24
1,calckey,12.119.0-calc.7
1,calckey,12.119.0-calc.17.6-kt.1
1,calckey,12.119.0-calc.17.6
1,calckey,12.119.0-calc.17.5
1,calckey,12.119.0-calc.17.2
1,calckey,12.119.0-calc.16.4
1,calckey,12.119.0-calc.14.6
1,calckey,12.119.0-calc.14
1,calckey,12.119.0-calc.12.17
1,calckey,12.119.0-calc.12
1,bookwyrm,0.4.1
1,bookwyrm,0.4.0
1,bookwyrm,0.3.4
1,bonfire,0.3.6--beta.6
1,bonfire,0.3.5--beta.16
1,birdsitelive,0.20.0+fishe
1,birdsitelive,0.19.1
1,barkshark-social,0.0.1
1,areionskey,1.6.1
1,aoderelay,v0.3.66-main-4d8e1a72418bdf990eca5831b097f9e4e28712f1
1,aoderelay,v0.3.59-HEAD-a0195d94aa3bc5e6c0cdf95475d25b7b674dd606
1,aoderelay,v0.3.56-HEAD-d44db2eab509aeafc80acfd1a6be280ea21a8cef
1,aoderelay,v0.3.52-HEAD-95f98ec052b0aa7e92a6d61c1c1aff51b14e21c7
1,aoderelay,v0.3.52
1,aoderelay,v0.3.31-main-1f87c0f913ce3e08e0628d3b1f3edde2a8995b4d
1,akkoma,3.4.0-heads-v3-4-0
1,akkoma,3.4.0-akkoma
1,akkoma,3.4.0-99-g893bfde6-develop
1,akkoma,3.4.0-4-gbe3ce5a7-tailswish
1,akkoma,3.4.0-153-g90dc8e03-va-11-hall-a
1,akkoma,3.4.0-139-g2d019e14-develop
1,akkoma,3.4.0-135-ga8571c62-develop
1,akkoma,3.4.0-129-ge3085c49-develop
1,akkoma,3.4.0-126-gec1d903f-develop
1,akkoma,3.4.0-125-g5ad760e0-develop
1,akkoma,3.4.0-120-g1c4ca20f-develop
1,akkoma,3.4.0-116-g7624ea5f-develop
1,akkoma,3.4.0-111-g6453297e-develop
1,akkoma,3.4.0-101-g3e0a5851-develop
1,akkoma,3.4.0-0-gde1bbc028-develop
1,akkoma,3.4.0-0-gd4ca1217d-develop
1,akkoma,3.4.0-0-g9deae8c-develop
1,akkoma,3.4.0-0-g0e211269b-develop
1,akkoma,3.4.0-0-g0cfd5b4e8-develop
1,akkoma,3.4.0-0-g0cfd5b4-develop
1,akkoma,3.3.1-86-g539c6d66-develop
1,akkoma,3.3.1-73-g7bbaa8f8-develop
1,akkoma,3.3.1-48-g91e20f76-nya
1,akkoma,3.3.1-1051-gd2710e83-fox
1,akkoma,3.3.1-0-gccdf55acf-develop
1,akkoma,3.3.1-0-gba132a7
1,akkoma,3.3.1-0-g9038da01c-develop
1,akkoma,3.3.0-0-g5e7be063c
1,akkoma,3.2.0-32-gdea37968
1,akkoma,3.2.0-23-g9b2c169c-develop
1,akkoma,3.2.0-0-g07295f7c8-develop
1,akkoma,3.1.0-3-gc52982e9
1,akkoma,3.0.1-0-gd0b7d37cd
1,akkoma,3.0.0-0-ga4a7f4cad
1,akkoma,3.0.0
1,akkoma,2.5.2-0-gf91903566-develop
1,activityrelay,0.2.3 a640db8f0636ba675dd9325471d607ac4507bb5c
1,activityrelay,0.2.3 32764a1f93956e2c237c689aaf31389feceb9264
1,activityrelay,0.2.2 7732a860e9f419f0e8b4b276c2e361b9407c764b
1,activityrelay,0.2.1 a2b0b2f5485b082a19f121944a637b9ea96b336b
1,activityrelay,0.2.1
1,activityrelay,0.2.0 729477820fec4ac29e232eabc1a8421e088b945c
1,activityrelay,0.1 e56d909fe20107f00875854c0ae19e72753fc79a
1,activityrelay,0.1 b5e2a05e48e46a1fcf94e355ae79910a2f14f22d
1,activityrelay,0.1 ad077755f381826188850a92a5e790cef9e7178d
1,activityrelay,0.1 80a8c9b391a6332b535ea3d2151d2f1516aa5059
1,activity-relay,v1.2.1
1,activity-relay,v1.2.0-11-g033e7de
1,activity-relay,v1.1.2rc1-2-g8512875
1,activity-relay,v1.1.2rc1-1-gafc037c
1,activity-relay,v0.2.7-1-gb138b70
1,acropolis,0.7.99.0
1,Turkum,0.11.0
1,Sweati Test Server,0.0.1
1,Simple Social Network,1.0
1,PubGate,0.3.4
1,Pleroma,0.9.0-2438-ge914eeb6
1,Owncast,20220120-nightly
1,Ohagi,0.0.1-dev
1,Mobilizon,3.0.1-dirty
1,Mobilizon,2.1.0-rotes.potsda.mn
1,Mobilizon,2.1.0-cottbus.vonunten.org
1,Mobilizon,2.0.1
1,Mobilizon,1.3.2
1,Mobilizon,1.2.3-dirty
1,Mobilizon,1.1.3
1,Mobilizon,1.0.2
1,Mobilizon,1.0.0-rc.4
1,Mobilizon,1.0.0-76-gc0591567
1,Mobilizon,1.0.0-60-g3051e947
1,Juick,2.x
1,Immers Space,4.0.0
1,Guppe Groups,1.2.0
1,GORF Network - Activity Pub,1.0.0
1,ContentNation,1.0.0
1,Calckey,12.119.5-mint
1,Bacn,
1,Anfora,0.1
1,,0.3.6--beta.4
1,,0.3.5--beta.21
1,,
